<?xml version="1.0"?>
<Actions>
	<SupportURL>http://forums.indigodomo.com</SupportURL>

    <Action id="update_chime_props" deviceFilter="self.RingZChime">
        <Name>Update Chime Properties</Name>
        <CallbackMethod>publishChimeAction</CallbackMethod>
        <ConfigUI>
			<Field id="volume" type="textfield">
                <Label>Volume (0-11):</Label>
            </Field>
			<Field id="snooze" type="textfield">
                <Label>Snooze (ON = snooze):</Label>
            </Field>
			<Field id="snooze_minutes" type="textfield">
                <Label>Minutes to Snooze (1 - 1440):</Label>
            </Field>
            <Field id="play_motion_sound" type="checkbox" defaultValue="false">
                <Label>Play Motion Sound:</Label>
            </Field>
            <Field id="retainNote" type="label" fontSize="small" fontColor="darkgray">
                <Label>Blank fields are ignored.</Label>
            </Field>

			<Field id="simpleSeparator2" type="separator"/>
            <Field id="messageNote" type="label" fontSize="small" fontColor="darkgray">
                <Label>Variable and Device State Substitution is enabled for all fields. Use the format %%v:12345%% for variables and %%d:12345:someStateId%% for device states.</Label>
            </Field>
        </ConfigUI>
    </Action>
    
    <Action id="update_motion_props" deviceFilter="self.RingMotion">
        <Name>Update Motion Properties</Name>
        <CallbackMethod>publishMotionAction</CallbackMethod>
        <ConfigUI>
			<Field id="motion_detection" type="textfield">
                <Label>Motion Detection (ON/OFF):</Label>
            </Field>
			<Field id="motion_warning" type="textfield">
                <Label>Motion Warning (ON/OFF):</Label>
            </Field>
            <Field id="retainNote" type="label" fontSize="small" fontColor="darkgray">
                <Label>Blank fields are ignored.</Label>
            </Field>

			<Field id="simpleSeparator2" type="separator"/>
            <Field id="messageNote" type="label" fontSize="small" fontColor="darkgray">
                <Label>Variable and Device State Substitution is enabled for all fields. Use the format %%v:12345%% for variables and %%d:12345:someStateId%% for device states.</Label>
            </Field>
        </ConfigUI>
    </Action>

    <Action id="update_light_props" deviceFilter="self.RingLight">
        <Name>Update Light Properties</Name>
        <CallbackMethod>publishLightAction</CallbackMethod>
        <ConfigUI>
			<Field id="brightness" type="textfield">
                <Label>Brightness (0-100):</Label>
            </Field>
			<Field id="duration" type="textfield">
                <Label>Duration (0-32767):</Label>
            </Field>
            <Field id="retainNote" type="label" fontSize="small" fontColor="darkgray">
                <Label>Blank fields are ignored.</Label>
            </Field>

			<Field id="simpleSeparator2" type="separator"/>
            <Field id="messageNote" type="label" fontSize="small" fontColor="darkgray">
                <Label>Variable and Device State Substitution is enabled for all fields. Use the format %%v:12345%% for variables and %%d:12345:someStateId%% for device states.</Label>
            </Field>
        </ConfigUI>
    </Action>

    <Action id="update_camera_props" deviceFilter="self.RingCamera">
        <Name>Update Camera Properties</Name>
        <CallbackMethod>publishCameraAction</CallbackMethod>
        <ConfigUI>
			<Field id="snapshot_interval" type="textfield">
                <Label>Snapshot Interval (10-604800):</Label>
            </Field>
			<Field id="live_stream" type="textfield">
                <Label>Live Stream (ON/OFF):</Label>
            </Field>
            <Field id="retainNote" type="label" fontSize="small" fontColor="darkgray">
                <Label>Blank fields are ignored.</Label>
            </Field>

			<Field id="simpleSeparator2" type="separator"/>
            <Field id="messageNote" type="label" fontSize="small" fontColor="darkgray">
                <Label>Variable and Device State Substitution is enabled for all fields. Use the format %%v:12345%% for variables and %%d:12345:someStateId%% for device states.</Label>
            </Field>
        </ConfigUI>
    </Action>

</Actions>
