<?xml version="1.0"?>
<Devices>
	<SupportURL>http://forums.indigodomo.com/</SupportURL>
	<Device type="sensor" subType="kSensorDeviceSubType.Motion" id="RingMotion">
		<Name>Ring Motion</Name>
		<ConfigUI>
			<Field id="SupportsBatteryLevel" type="checkbox" defaultValue="true" hidden="true" />
			<Field id="SupportsOnState" type="checkbox" defaultValue="true" hidden="true" />
			<Field id="SupportsSensorValue" type="checkbox" defaultValue="false" hidden="true" />
			<Field id="SupportsStatusRequest" type="checkbox" defaultValue="false" hidden="true" />
 			<Field id="address" type="textfield"  hidden="true" >
				<Label/>
			</Field>
			<Field id="doorbell" type="menu">
				<Label>Ring Motion:</Label>
				<List class="self" filter="" method="get_ring_devices" dynamicReload="true"/>
				<CallbackMethod>selectionChanged</CallbackMethod>
			</Field>
			<Field type="textfield" id="doorbellId" readonly="true">
				<Label>Device ID:</Label>
			</Field>
			<Field type="textfield" id="name" readonly="true">
				<Label>Ring App Name:</Label>
			</Field>
			<Field type="textfield" id="manufacturer" readonly="true">
				<Label>Manufacturer:</Label>
			</Field>
			<Field type="textfield" id="model" readonly="true">
				<Label>Model:</Label>
			</Field>
		</ConfigUI>
		<States>
			<State id="status">
				<ValueType>String</ValueType>
				<TriggerLabel>status</TriggerLabel>
				<ControlPageLabel>status</ControlPageLabel>
			</State>
			<State id="lastUpdate">
				<ValueType>String</ValueType>
				<TriggerLabel>lastUpdate</TriggerLabel>
				<ControlPageLabel>lastUpdate</ControlPageLabel>
			</State>
			<State id="motionDetectionEnabled">
				<ValueType>String</ValueType>
				<TriggerLabel>motionDetectionEnabled</TriggerLabel>
				<ControlPageLabel>motionDetectionEnabled</ControlPageLabel>
			</State>
			<State id="motion_duration">
				<ValueType>String</ValueType>
				<TriggerLabel>motion_duration</TriggerLabel>
				<ControlPageLabel>motion_duration</ControlPageLabel>
			</State>
			<State id="lastMotionTime">
				<ValueType>String</ValueType>
				<TriggerLabel>lastMotionTime</TriggerLabel>
				<ControlPageLabel>lastMotionTime</ControlPageLabel>
			</State>
			<State id="personDetected">
				<ValueType>String</ValueType>
				<TriggerLabel>personDetected</TriggerLabel>
				<ControlPageLabel>personDetected</ControlPageLabel>
			</State>
			<State id="firmwareStatus">
				<ValueType>String</ValueType>
				<TriggerLabel>firmwareStatus</TriggerLabel>
				<ControlPageLabel>firmwareStatus</ControlPageLabel>
			</State>
			<State id="batteryLevel">
				<ValueType>String</ValueType>
				<TriggerLabel>batteryLevel</TriggerLabel>
				<ControlPageLabel>batteryLevel</ControlPageLabel>
			</State>
			<State id="batteryLevel2">
				<ValueType>String</ValueType>
				<TriggerLabel>batteryLevel2</TriggerLabel>
				<ControlPageLabel>batteryLevel2</ControlPageLabel>
			</State>
		</States>
	</Device>
	<Device type="relay" subType="" id="RingLight">
		<Name>Ring Light</Name>
		<ConfigUI>
			<Field id="SupportsBatteryLevel" type="checkbox" defaultValue="true" hidden="true" />
			<Field id="SupportsOnState" type="checkbox" defaultValue="true" hidden="true" />
			<Field id="SupportsSensorValue" type="checkbox" defaultValue="false" hidden="true" />
			<Field id="SupportsStatusRequest" type="checkbox" defaultValue="false" hidden="true" />
 			<Field id="address" type="textfield"  hidden="true" >
				<Label/>
			</Field>
			<Field id="doorbell" type="menu">
				<Label>Ring Light:</Label>
				<List class="self" filter="" method="get_ring_devices" dynamicReload="true"/>
				<CallbackMethod>selectionChanged</CallbackMethod>
			</Field>
			<Field type="textfield" id="doorbellId" readonly="true">
				<Label>Device ID:</Label>
			</Field>
			<Field type="textfield" id="name" readonly="true">
				<Label>Ring App Name:</Label>
			</Field>
			<Field type="textfield" id="manufacturer" readonly="true">
				<Label>Manufacturer:</Label>
			</Field>
			<Field type="textfield" id="model" readonly="true">
				<Label>Model:</Label>
			</Field>
		</ConfigUI>
		<States>
			<State id="status">
				<ValueType>String</ValueType>
				<TriggerLabel>status</TriggerLabel>
				<ControlPageLabel>status</ControlPageLabel>
			</State>
			<State id="lastUpdate">
				<ValueType>String</ValueType>
				<TriggerLabel>lastUpdate</TriggerLabel>
				<ControlPageLabel>lastUpdate</ControlPageLabel>
			</State>
			<State id="beam_duration">
				<ValueType>String</ValueType>
				<TriggerLabel>beam_duration</TriggerLabel>
				<ControlPageLabel>beam_duration</ControlPageLabel>
			</State>
			<State id="brightness_state">
				<ValueType>String</ValueType>
				<TriggerLabel>brightness_state</TriggerLabel>
				<ControlPageLabel>brightness_state</ControlPageLabel>
			</State>
			<State id="firmwareStatus">
				<ValueType>String</ValueType>
				<TriggerLabel>firmwareStatus</TriggerLabel>
				<ControlPageLabel>firmwareStatus</ControlPageLabel>
			</State>
			<State id="batteryLevel">
				<ValueType>String</ValueType>
				<TriggerLabel>batteryLevel</TriggerLabel>
				<ControlPageLabel>batteryLevel</ControlPageLabel>
			</State>
			<State id="batteryLevel2">
				<ValueType>String</ValueType>
				<TriggerLabel>batteryLevel2</TriggerLabel>
				<ControlPageLabel>batteryLevel2</ControlPageLabel>
			</State>
		</States>
	</Device>
	<Device type="custom" subType="kDeviceSubType.Camera" id="RingCamera">
		<Name>Ring Camera</Name>
		<ConfigUI>
			<Field id="SupportsBatteryLevel" type="checkbox" defaultValue="true" hidden="true" />
			<Field id="SupportsOnState" type="checkbox" defaultValue="true" hidden="true" />
			<Field id="SupportsSensorValue" type="checkbox" defaultValue="false" hidden="true" />
			<Field id="SupportsStatusRequest" type="checkbox" defaultValue="false" hidden="true" />
 			<Field id="address" type="textfield"  hidden="true" >
				<Label/>
			</Field>
			<Field id="doorbell" type="menu">
				<Label>Ring Camera:</Label>
				<List class="self" filter="" method="get_ring_devices" dynamicReload="true"/>
				<CallbackMethod>selectionChanged</CallbackMethod>
			</Field>
			<Field type="textfield" id="doorbellId" readonly="true">
				<Label>Device ID:</Label>
			</Field>
			<Field type="textfield" id="name" readonly="true">
				<Label>Ring App Name:</Label>
			</Field>
			<Field type="textfield" id="manufacturer" readonly="true">
				<Label>Manufacturer:</Label>
			</Field>
			<Field type="textfield" id="model" readonly="true">
				<Label>Model:</Label>
			</Field>
       	    <Field type="menu" id="snapshot_mode" defaultValue="Auto">
        		<Label>Snapshot Mode:</Label>
        		<List>
        			<Option value="Auto">Auto</Option>
        			<Option value="Motion">Motion</Option>
        			<Option value="Motion + Ding">Motion + Ding</Option>
        			<Option value="Interval">Interval</Option>
        			<Option value="All">All</Option>
        			<Option value="Disabled">Disabled</Option>
        		</List>
        	</Field>
			<Field type="textfield" id="snapshot_interval" readonly="false" defaultValue="3600">
				<Label>Snapshot Interval (seconds):</Label>
			</Field>
	</ConfigUI>
		<States>
			<State id="status">
				<ValueType>String</ValueType>
				<TriggerLabel>status</TriggerLabel>
				<ControlPageLabel>status</ControlPageLabel>
			</State>
			<State id="lastUpdate">
				<ValueType>String</ValueType>
				<TriggerLabel>lastUpdate</TriggerLabel>
				<ControlPageLabel>lastUpdate</ControlPageLabel>
			</State>
			<State id="stream_Source">
				<ValueType>String</ValueType>
				<TriggerLabel>stream_Source</TriggerLabel>
				<ControlPageLabel>stream_Source</ControlPageLabel>
			</State>
			<State id="snapshot_image">
				<ValueType>String</ValueType>
				<TriggerLabel>snapshot_image</TriggerLabel>
				<ControlPageLabel>snapshot_image</ControlPageLabel>
			</State>
			<State id="snapshot_timestamp">
				<ValueType>String</ValueType>
				<TriggerLabel>snapshot_timestamp</TriggerLabel>
				<ControlPageLabel>snapshot_timestamp</ControlPageLabel>
			</State>
			<State id="snapshot_type">
				<ValueType>String</ValueType>
				<TriggerLabel>snapshot_type</TriggerLabel>
				<ControlPageLabel>snapshot_type</ControlPageLabel>
			</State>
			<State id="event_recordingUrl1">
				<ValueType>String</ValueType>
				<TriggerLabel>event_recordingUrl1</TriggerLabel>
				<ControlPageLabel>event_recordingUrl1</ControlPageLabel>
			</State>
			<State id="event_eventId1">
				<ValueType>String</ValueType>
				<TriggerLabel>event_eventId1</TriggerLabel>
				<ControlPageLabel>event_eventId1</ControlPageLabel>
			</State>
			<State id="event_recordingUrl2">
				<ValueType>String</ValueType>
				<TriggerLabel>event_recordingUrl2</TriggerLabel>
				<ControlPageLabel>event_recordingUrl2</ControlPageLabel>
			</State>
			<State id="event_eventId2">
				<ValueType>String</ValueType>
				<TriggerLabel>event_eventId2</TriggerLabel>
				<ControlPageLabel>event_eventId2</ControlPageLabel>
			</State>
			<State id="event_recordingUrl3">
				<ValueType>String</ValueType>
				<TriggerLabel>event_recordingUrl3</TriggerLabel>
				<ControlPageLabel>event_recordingUrl3</ControlPageLabel>
			</State>
			<State id="event_eventId3">
				<ValueType>String</ValueType>
				<TriggerLabel>event_eventId3</TriggerLabel>
				<ControlPageLabel>event_eventId3</ControlPageLabel>
			</State>
			<State id="firmwareStatus">
				<ValueType>String</ValueType>
				<TriggerLabel>firmwareStatus</TriggerLabel>
				<ControlPageLabel>firmwareStatus</ControlPageLabel>
			</State>
			<State id="batteryLevel">
				<ValueType>String</ValueType>
				<TriggerLabel>batteryLevel</TriggerLabel>
				<ControlPageLabel>batteryLevel</ControlPageLabel>
			</State>
			<State id="batteryLevel2">
				<ValueType>String</ValueType>
				<TriggerLabel>batteryLevel2</TriggerLabel>
				<ControlPageLabel>batteryLevel2</ControlPageLabel>
			</State>
			<State id="state">
				<ValueType>String</ValueType>
				<TriggerLabel>state</TriggerLabel>
				<ControlPageLabel>state</ControlPageLabel>
			</State>
		</States>
		<UiDisplayStateId>state</UiDisplayStateId>
	</Device>
	<Device type="relay" subType="kRelayDeviceSubType.Doorbell" id="RingDoorbell">
		<Name>Ring Doorbell</Name>
		<ConfigUI>
			<Field id="SupportsBatteryLevel" type="checkbox" defaultValue="true" hidden="true" />
			<Field id="SupportsOnState" type="checkbox" defaultValue="true" hidden="true" />
			<Field id="SupportsSensorValue" type="checkbox" defaultValue="false" hidden="true" />
			<Field id="SupportsStatusRequest" type="checkbox" defaultValue="false" hidden="true" />
 			<Field id="address" type="textfield"  hidden="true" >
				<Label/>
			</Field>
			<Field id="doorbell" type="menu">
				<Label>Ring Doorbell:</Label>
				<List class="self" filter="" method="get_ring_devices" dynamicReload="true"/>
				<CallbackMethod>selectionChanged</CallbackMethod>
			</Field>
			<Field type="textfield" id="doorbellId" readonly="true">
				<Label>Device ID:</Label>
			</Field>
			<Field type="textfield" id="name" readonly="true">
				<Label>Ring App Name:</Label>
			</Field>
			<Field type="textfield" id="manufacturer" readonly="true">
				<Label>Manufacturer:</Label>
			</Field>
			<Field type="textfield" id="model" readonly="true">
				<Label>Model:</Label>
			</Field>
		</ConfigUI>
		<States>
			<State id="status">
				<ValueType>String</ValueType>
				<TriggerLabel>status</TriggerLabel>
				<ControlPageLabel>status</ControlPageLabel>
			</State>
			<State id="lastUpdate">
				<ValueType>String</ValueType>
				<TriggerLabel>lastUpdate</TriggerLabel>
				<ControlPageLabel>lastUpdate</ControlPageLabel>
			</State>
			<State id="ding_duration">
				<ValueType>String</ValueType>
				<TriggerLabel>ding_duration</TriggerLabel>
				<ControlPageLabel>ding_duration</ControlPageLabel>
			</State>
			<State id="lastDingTime">
				<ValueType>String</ValueType>
				<TriggerLabel>lastDingTime</TriggerLabel>
				<ControlPageLabel>lastDingTime</ControlPageLabel>
			</State>
			<State id="firmwareStatus">
				<ValueType>String</ValueType>
				<TriggerLabel>firmwareStatus</TriggerLabel>
				<ControlPageLabel>firmwareStatus</ControlPageLabel>
			</State>
			<State id="batteryLevel">
				<ValueType>String</ValueType>
				<TriggerLabel>batteryLevel</TriggerLabel>
				<ControlPageLabel>batteryLevel</ControlPageLabel>
			</State>
			<State id="batteryLevel2">
				<ValueType>String</ValueType>
				<TriggerLabel>batteryLevel2</TriggerLabel>
				<ControlPageLabel>batteryLevel2</ControlPageLabel>
			</State>
		</States>
	</Device>
	<Device type="relay" subType="kRelayDeviceSubType.Doorbell" id="RingZChime">
		<Name>Ring Chime</Name>
		<ConfigUI>
			<Field id="SupportsBatteryLevel" type="checkbox" defaultValue="true" hidden="true" />
			<Field id="SupportsOnState" type="checkbox" defaultValue="true" hidden="true" />
			<Field id="SupportsSensorValue" type="checkbox" defaultValue="false" hidden="true" />
			<Field id="SupportsStatusRequest" type="checkbox" defaultValue="false" hidden="true" />
 			<Field id="address" type="textfield"  hidden="true" >
				<Label/>
			</Field>
			<Field id="doorbell" type="menu">
				<Label>Ring Chime:</Label>
				<List class="self" filter="" method="get_ring_devices" dynamicReload="true"/>
				<CallbackMethod>selectionChanged</CallbackMethod>
			</Field>
			<Field type="textfield" id="doorbellId" readonly="true">
				<Label>Device ID:</Label>
			</Field>
			<Field type="textfield" id="name" readonly="true">
				<Label>Ring App Name:</Label>
			</Field>
			<Field type="textfield" id="manufacturer" readonly="true">
				<Label>Manufacturer:</Label>
			</Field>
			<Field type="textfield" id="model" readonly="true">
				<Label>Model:</Label>
			</Field>
		</ConfigUI>
		<States>
			<State id="status">
				<ValueType>String</ValueType>
				<TriggerLabel>status</TriggerLabel>
				<ControlPageLabel>status</ControlPageLabel>
			</State>
			<State id="lastUpdate">
				<ValueType>String</ValueType>
				<TriggerLabel>lastUpdate</TriggerLabel>
				<ControlPageLabel>lastUpdate</ControlPageLabel>
			</State>
			<State id="volume">
				<ValueType>String</ValueType>
				<TriggerLabel>volume</TriggerLabel>
				<ControlPageLabel>volume</ControlPageLabel>
			</State>
			<State id="snooze">
				<ValueType>String</ValueType>
				<TriggerLabel>snooze</TriggerLabel>
				<ControlPageLabel>snooze</ControlPageLabel>
			</State>
			<State id="snooze_minutes">
				<ValueType>String</ValueType>
				<TriggerLabel>snooze_minutes</TriggerLabel>
				<ControlPageLabel>snooze_minutes</ControlPageLabel>
			</State>
			<State id="snooze_minutes_remaining">
				<ValueType>String</ValueType>
				<TriggerLabel>snooze_minutes_remaining</TriggerLabel>
				<ControlPageLabel>snooze_minutes_remaining</ControlPageLabel>
			</State>
			<State id="play_ding_sound">
				<ValueType>String</ValueType>
				<TriggerLabel>play_ding_sound</TriggerLabel>
				<ControlPageLabel>play_ding_sound</ControlPageLabel>
			</State>
			<State id="play_motion_sound">
				<ValueType>String</ValueType>
				<TriggerLabel>play_motion_sound</TriggerLabel>
				<ControlPageLabel>play_motion_sound</ControlPageLabel>
			</State>
			<State id="firmwareStatus">
				<ValueType>String</ValueType>
				<TriggerLabel>firmwareStatus</TriggerLabel>
				<ControlPageLabel>firmwareStatus</ControlPageLabel>
			</State>
			<State id="batteryLevel">
				<ValueType>String</ValueType>
				<TriggerLabel>batteryLevel</TriggerLabel>
				<ControlPageLabel>batteryLevel</ControlPageLabel>
			</State>
			<State id="batteryLevel2">
				<ValueType>String</ValueType>
				<TriggerLabel>batteryLevel2</TriggerLabel>
				<ControlPageLabel>batteryLevel2</ControlPageLabel>
			</State>
		</States>
	</Device>
	<Device type="relay" subType="kRelayDeviceSubType.Doorbell" id="RingSiren">
		<Name>Ring Siren</Name>
		<ConfigUI>
			<Field id="SupportsBatteryLevel" type="checkbox" defaultValue="true" hidden="true" />
			<Field id="SupportsOnState" type="checkbox" defaultValue="true" hidden="true" />
			<Field id="SupportsSensorValue" type="checkbox" defaultValue="false" hidden="true" />
			<Field id="SupportsStatusRequest" type="checkbox" defaultValue="false" hidden="true" />
 			<Field id="address" type="textfield"  hidden="true" >
				<Label/>
			</Field>
			<Field id="doorbell" type="menu">
				<Label>Ring Siren:</Label>
				<List class="self" filter="" method="get_ring_devices" dynamicReload="true"/>
				<CallbackMethod>selectionChanged</CallbackMethod>
			</Field>
			<Field type="textfield" id="doorbellId" readonly="true">
				<Label>Device ID:</Label>
			</Field>
			<Field type="textfield" id="name" readonly="true">
				<Label>Ring App Name:</Label>
			</Field>
			<Field type="textfield" id="manufacturer" readonly="true">
				<Label>Manufacturer:</Label>
			</Field>
			<Field type="textfield" id="model" readonly="true">
				<Label>Model:</Label>
			</Field>
		</ConfigUI>
		<States>
			<State id="status">
				<ValueType>String</ValueType>
				<TriggerLabel>status</TriggerLabel>
				<ControlPageLabel>status</ControlPageLabel>
			</State>
			<State id="lastUpdate">
				<ValueType>String</ValueType>
				<TriggerLabel>lastUpdate</TriggerLabel>
				<ControlPageLabel>lastUpdate</ControlPageLabel>
			</State>
			<State id="firmwareStatus">
				<ValueType>String</ValueType>
				<TriggerLabel>firmwareStatus</TriggerLabel>
				<ControlPageLabel>firmwareStatus</ControlPageLabel>
			</State>
			<State id="batteryLevel">
				<ValueType>String</ValueType>
				<TriggerLabel>batteryLevel</TriggerLabel>
				<ControlPageLabel>batteryLevel</ControlPageLabel>
			</State>
			<State id="batteryLevel2">
				<ValueType>String</ValueType>
				<TriggerLabel>batteryLevel2</TriggerLabel>
				<ControlPageLabel>batteryLevel2</ControlPageLabel>
			</State>
		</States>
	</Device>
</Devices>

