<?xml version="1.0"?>
<Devices>
	<SupportURL>http://forums.indigodomo.com/</SupportURL>
	<Device type="custom" id="MQTTConnector">
		<Name>MQTT Connector</Name>
		<ConfigUI>
            <Field id="subscriptions" type="list" hidden="true"><List class="self" method="subscribedList"/></Field>
            <Field id="old_subscriptions" type="list" hidden="true"><List class="self" method="subscribedList"/></Field>
            <Field id="section" type="menu" defaultValue="connection">
                <Label>Section:</Label>
        		<List>
        			<Option value="connection">Connection Info</Option>
        			<Option value="subscriptions">Topic Subscriptions</Option>
        			<Option value="mqttconnector">MQTT Connector Plugin</Option>
        		</List>
        	</Field>
            <Field id="section_separator1" type="separator"/>
			<Field id="address" type="textfield"  defaultValue="localhost" visibleBindingId="section" visibleBindingValue="connection">
                <Label>IP Address or Hostname:</Label>
            </Field>
            <Field id="port" type="textfield" defaultValue="1883" visibleBindingId="section" visibleBindingValue="connection">
                <Label>Port:</Label>
            </Field>
            <Field id="protocol" type="menu" defaultValue="4"  visibleBindingId="section" visibleBindingValue="connection">
        		<Label>MQTT Protocol:</Label>
        		<List>
        			<Option value="4">MQTTv311</Option>
        			<Option value="3">MQTTv31</Option>
        		</List>
        	</Field>
            <Field id="transport" type="menu" defaultValue="tcp"  visibleBindingId="section" visibleBindingValue="connection">
        		<Label>Transport Protocol:</Label>
        		<List>
        			<Option value="tcp">TCP</Option>
        			<Option value="websockets">WebSockets</Option>
        		</List>
        	</Field>
            <Field id="username" type="textfield"  visibleBindingId="section" visibleBindingValue="connection">
                <Label>Username:</Label>
            </Field>
            <Field id="password" type="textfield" secure="true" visibleBindingId="section" visibleBindingValue="connection">
                <Label>Password:</Label>
            </Field>

           <Field id="delay" type="textfield" defaultValue="0" visibleBindingId="section" visibleBindingValue="connection">
                <Label>Delay:</Label>
            </Field>
            <Field id="delay_note" type="label" fontColor="darkgray" visibleBindingId="section" visibleBindingValue="connection">
                <Label>Delay starting this device.  Generally only used when this is an MQTT Broker device.</Label>
            </Field>
            <!--  This section for managing topic subscriptions for this broker  -->

            <Field id="subscriptions_newTopic" type="textfield" visibleBindingId="section" visibleBindingValue="subscriptions" >
                <Label>Topic to subscribe:</Label>
            </Field>
        	<Field id="subscriptions_qos" type="menu" defaultValue="0" visibleBindingId="section" visibleBindingValue="subscriptions">
        		<Label>QoS Level:</Label>
        		<List>
        			<Option value="0">0</Option>
        			<Option value="1">1</Option>
        			<Option value="2">2</Option>
        		</List>
        	</Field>
            <Field id="subscriptions_addTopic" type="button" visibleBindingId="section" visibleBindingValue="subscriptions">
                <Label/>
                <Title>Add Topic</Title>
                <CallbackMethod>addTopic</CallbackMethod>
            </Field>
            <Field id="subscriptions_separator1" type="separator" visibleBindingId="section" visibleBindingValue="subscriptions"/>
            <Field id="subscriptions_subscribedLabel" type="label" fontColor="darkgray" visibleBindingId="section" visibleBindingValue="subscriptions">
                <Label>This is the list of topics currently subscribed to for this broker.</Label>
            </Field>
           <Field id="subscriptions_items" type="list" rows="10" visibleBindingId="section" visibleBindingValue="subscriptions">
                <Label>Subscribed Topics:</Label>
                <List class="self" method="subscribedList" dynamicReload="true"/>
            </Field>
            <Field id="subscriptions_deleteSubscriptions" type="button" visibleBindingId="section" visibleBindingValue="subscriptions">
                <Label/>
                <Title>Delete Subscriptions</Title>
                <CallbackMethod>deleteSubscriptions</CallbackMethod>
            </Field>
            <!--  This section for managing MQTT Connector Option for this broker  -->

    		<Field id="brokerID" type="menu" visibleBindingId="section" visibleBindingValue="mqttconnector">
		        <Label>MQTT Broker:</Label>
		        <List class="self" filter="" method="get_mqtt_connectors" dynamicReload="true"/>
		    </Field>
		</ConfigUI>
		<States>
			<State id="status">
				<ValueType>String</ValueType>
				<TriggerLabel>status</TriggerLabel>
				<ControlPageLabel>status</ControlPageLabel>
			</State>
		</States>
		<UiDisplayStateId>status</UiDisplayStateId>
	</Device>
	<Device type="custom" id="APIConnector">
		<Name>API Connector</Name>
		<ConfigUI>
			<Field type="textfield" id="ringtoken" tooltip="Ring Token">
				<Label>Ring Token:</Label>
			</Field>
			<Field id="twoFactorInfoLabel" type="label" fontSize="small" fontColor="darkgray">
				<Label>You can either paste a ring token in the field above or generate one below if using your credentials and Two Factor Authentication.  You will be prompted to enter a verification code when you click Save.</Label>
			</Field>
			<Field type="textfield" id="username" tooltip="Ring.com Username">
				<Label>Ring.com Username:</Label>
			</Field>
			<Field type="textfield" id="password" secure="true" tooltip="Ring.com Password">
				<Label>Ring.com Password:</Label>
			</Field>
			<Field type="checkbox" id="showAuthCodeField" hidden="true" defaultValue="false">
				<Label>HIDDEN, SHOULD NOT DISPLAY; Whether or not authorizationCode field is visible</Label>
			</Field>
			<Field type="textfield" id="authorizationCode" tooltip="Ring.com two-factor verification code" visibleBindingId="showAuthCodeField" visibleBindingValue="true">
				<Label>Two-Factor Verification Code:</Label>
			</Field>
			<Field type="label" id="loginErrorMessage" fontColor="red" visibleBindingId="showLoginErrorField" visibleBindingValue="true">
				<Label>Error occurred during login (hover mouse over this text to see error details)</Label>
			</Field>
			<Field type="checkbox" id="showLoginErrorField" hidden="true" defaultValue="false">
				<Label>HIDDEN, SHOULD NOT DISPLAY; Whether or not loginErrorMessage field is visible</Label>
			</Field>
			<Field id="takeUpSpaceForDynamicResizingKludge" type="label" >
				<Label></Label>
			</Field>
			<Field id="takeUpSpaceForDynamicResizingKludge2" type="label" >
				<Label></Label>
			</Field>
		</ConfigUI>
		<States>
			<State id="status">
				<ValueType>String</ValueType>
				<TriggerLabel>status</TriggerLabel>
				<ControlPageLabel>status</ControlPageLabel>
			</State>
		</States>
		<UiDisplayStateId>status</UiDisplayStateId>
	</Device>
	<Device type="sensor" subType="kSensorDeviceSubType.Motion" id="RingMotion">
		<Name>Ring Motion</Name>
		<ConfigUI>
			<Field id="SupportsBatteryLevel" type="checkbox" defaultValue="true" hidden="true" />
			<Field id="SupportsOnState" type="checkbox" defaultValue="true" hidden="true" />
			<Field id="SupportsSensorValue" type="checkbox" defaultValue="false" hidden="true" />
			<Field id="SupportsStatusRequest" type="checkbox" defaultValue="false" hidden="true" />
 			<Field id="address" type="textfield"  hidden="true" >
				<Label/>
			</Field>
			<Field id="doorbell" type="menu">
				<Label>Ring Motion:</Label>
				<List class="self" filter="" method="get_ring_devices" dynamicReload="true"/>
				<CallbackMethod>selectionChanged</CallbackMethod>
			</Field>
			<Field type="textfield" id="doorbellId" readonly="true">
				<Label>Device ID:</Label>
			</Field>
			<Field type="textfield" id="name" readonly="true">
				<Label>Ring App Name:</Label>
			</Field>
			<Field type="textfield" id="manufacturer" readonly="true">
				<Label>Manufacturer:</Label>
			</Field>
			<Field type="textfield" id="model" readonly="true">
				<Label>Model:</Label>
			</Field>
			<Field type="textfield" id="apitype" readonly="true">
				<Label>API Type (mqtt, pyapi):</Label>
			</Field>
		</ConfigUI>
		<States>
			<State id="status">
				<ValueType>String</ValueType>
				<TriggerLabel>status</TriggerLabel>
				<ControlPageLabel>status</ControlPageLabel>
			</State>
			<State id="lastUpdate">
				<ValueType>String</ValueType>
				<TriggerLabel>lastUpdate</TriggerLabel>
				<ControlPageLabel>lastUpdate</ControlPageLabel>
			</State>
			<State id="motionDetectionEnabled">
				<ValueType>String</ValueType>
				<TriggerLabel>motionDetectionEnabled</TriggerLabel>
				<ControlPageLabel>motionDetectionEnabled</ControlPageLabel>
			</State>
			<State id="motion_duration">
				<ValueType>String</ValueType>
				<TriggerLabel>motion_duration</TriggerLabel>
				<ControlPageLabel>motion_duration</ControlPageLabel>
			</State>
			<State id="lastMotionTime">
				<ValueType>String</ValueType>
				<TriggerLabel>lastMotionTime</TriggerLabel>
				<ControlPageLabel>lastMotionTime</ControlPageLabel>
			</State>
			<State id="firmwareStatus">
				<ValueType>String</ValueType>
				<TriggerLabel>firmwareStatus</TriggerLabel>
				<ControlPageLabel>firmwareStatus</ControlPageLabel>
			</State>
			<State id="batteryLevel">
				<ValueType>String</ValueType>
				<TriggerLabel>batteryLevel</TriggerLabel>
				<ControlPageLabel>batteryLevel</ControlPageLabel>
			</State>
			<State id="batteryLevel2">
				<ValueType>String</ValueType>
				<TriggerLabel>batteryLevel2</TriggerLabel>
				<ControlPageLabel>batteryLevel2</ControlPageLabel>
			</State>
		</States>
	</Device>
	<Device type="relay" subType="" id="RingLight">
		<Name>Ring Light</Name>
		<ConfigUI>
			<Field id="SupportsBatteryLevel" type="checkbox" defaultValue="true" hidden="true" />
			<Field id="SupportsOnState" type="checkbox" defaultValue="true" hidden="true" />
			<Field id="SupportsSensorValue" type="checkbox" defaultValue="false" hidden="true" />
			<Field id="SupportsStatusRequest" type="checkbox" defaultValue="false" hidden="true" />
 			<Field id="address" type="textfield"  hidden="true" >
				<Label/>
			</Field>
			<Field id="doorbell" type="menu">
				<Label>Ring Light:</Label>
				<List class="self" filter="" method="get_ring_devices" dynamicReload="true"/>
				<CallbackMethod>selectionChanged</CallbackMethod>
			</Field>
			<Field type="textfield" id="doorbellId" readonly="true">
				<Label>Device ID:</Label>
			</Field>
			<Field type="textfield" id="name" readonly="true">
				<Label>Ring App Name:</Label>
			</Field>
			<Field type="textfield" id="manufacturer" readonly="true">
				<Label>Manufacturer:</Label>
			</Field>
			<Field type="textfield" id="model" readonly="true">
				<Label>Model:</Label>
			</Field>
			<Field type="textfield" id="apitype" readonly="true">
				<Label>API Type (mqtt, pyapi):</Label>
			</Field>
		</ConfigUI>
		<States>
			<State id="status">
				<ValueType>String</ValueType>
				<TriggerLabel>status</TriggerLabel>
				<ControlPageLabel>status</ControlPageLabel>
			</State>
			<State id="lastUpdate">
				<ValueType>String</ValueType>
				<TriggerLabel>lastUpdate</TriggerLabel>
				<ControlPageLabel>lastUpdate</ControlPageLabel>
			</State>
			<State id="beam_duration">
				<ValueType>String</ValueType>
				<TriggerLabel>beam_duration</TriggerLabel>
				<ControlPageLabel>beam_duration</ControlPageLabel>
			</State>
			<State id="brightness_state">
				<ValueType>String</ValueType>
				<TriggerLabel>brightness_state</TriggerLabel>
				<ControlPageLabel>brightness_state</ControlPageLabel>
			</State>
			<State id="firmwareStatus">
				<ValueType>String</ValueType>
				<TriggerLabel>firmwareStatus</TriggerLabel>
				<ControlPageLabel>firmwareStatus</ControlPageLabel>
			</State>
			<State id="batteryLevel">
				<ValueType>String</ValueType>
				<TriggerLabel>batteryLevel</TriggerLabel>
				<ControlPageLabel>batteryLevel</ControlPageLabel>
			</State>
			<State id="batteryLevel2">
				<ValueType>String</ValueType>
				<TriggerLabel>batteryLevel2</TriggerLabel>
				<ControlPageLabel>batteryLevel2</ControlPageLabel>
			</State>
		</States>
	</Device>
	<Device type="custom" subType="kDeviceSubType.Camera" id="RingCamera">
		<Name>Ring Camera</Name>
		<ConfigUI>
			<Field id="SupportsBatteryLevel" type="checkbox" defaultValue="true" hidden="true" />
			<Field id="SupportsOnState" type="checkbox" defaultValue="true" hidden="true" />
			<Field id="SupportsSensorValue" type="checkbox" defaultValue="false" hidden="true" />
			<Field id="SupportsStatusRequest" type="checkbox" defaultValue="false" hidden="true" />
 			<Field id="address" type="textfield"  hidden="true" >
				<Label/>
			</Field>
			<Field id="doorbell" type="menu">
				<Label>Ring Camera:</Label>
				<List class="self" filter="" method="get_ring_devices" dynamicReload="true"/>
				<CallbackMethod>selectionChanged</CallbackMethod>
			</Field>
			<Field type="textfield" id="doorbellId" readonly="true">
				<Label>Device ID:</Label>
			</Field>
			<Field type="textfield" id="name" readonly="true">
				<Label>Ring App Name:</Label>
			</Field>
			<Field type="textfield" id="manufacturer" readonly="true">
				<Label>Manufacturer:</Label>
			</Field>
			<Field type="textfield" id="model" readonly="true">
				<Label>Model:</Label>
			</Field>
			<Field type="textfield" id="apitype" readonly="true">
				<Label>API Type (mqtt, pyapi):</Label>
			</Field>
       	    <Field type="menu" id="snapshot_mode" defaultValue="Auto">
        		<Label>Snapshot Mode:</Label>
        		<List>
        			<Option value="Auto">Auto</Option>
        			<Option value="Motion">Motion</Option>
        			<Option value="Motion + Ding">Motion + Ding</Option>
        			<Option value="Interval">Interval</Option>
        			<Option value="All">All</Option>
        			<Option value="Disabled">Disabled</Option>
        		</List>
        	</Field>
			<Field type="textfield" id="snapshot_interval" readonly="false" defaultValue="3600">
				<Label>Snapshot Interval (seconds):</Label>
			</Field>
		</ConfigUI>
		<States>
			<State id="status">
				<ValueType>String</ValueType>
				<TriggerLabel>status</TriggerLabel>
				<ControlPageLabel>status</ControlPageLabel>
			</State>
			<State id="lastUpdate">
				<ValueType>String</ValueType>
				<TriggerLabel>lastUpdate</TriggerLabel>
				<ControlPageLabel>lastUpdate</ControlPageLabel>
			</State>
			<State id="stream_Source">
				<ValueType>String</ValueType>
				<TriggerLabel>stream_Source</TriggerLabel>
				<ControlPageLabel>stream_Source</ControlPageLabel>
			</State>
			<State id="snapshot_image">
				<ValueType>String</ValueType>
				<TriggerLabel>snapshot_image</TriggerLabel>
				<ControlPageLabel>snapshot_image</ControlPageLabel>
			</State>
			<State id="snapshot_timestamp">
				<ValueType>String</ValueType>
				<TriggerLabel>snapshot_timestamp</TriggerLabel>
				<ControlPageLabel>snapshot_timestamp</ControlPageLabel>
			</State>
			<State id="snapshot_type">
				<ValueType>String</ValueType>
				<TriggerLabel>snapshot_type</TriggerLabel>
				<ControlPageLabel>snapshot_type</ControlPageLabel>
			</State>
			<State id="event_recordingUrl1">
				<ValueType>String</ValueType>
				<TriggerLabel>event_recordingUrl1</TriggerLabel>
				<ControlPageLabel>event_recordingUrl1</ControlPageLabel>
			</State>
			<State id="event_eventId1">
				<ValueType>String</ValueType>
				<TriggerLabel>event_eventId1</TriggerLabel>
				<ControlPageLabel>event_eventId1</ControlPageLabel>
			</State>
			<State id="event_recordingUrl2">
				<ValueType>String</ValueType>
				<TriggerLabel>event_recordingUrl2</TriggerLabel>
				<ControlPageLabel>event_recordingUrl2</ControlPageLabel>
			</State>
			<State id="event_eventId2">
				<ValueType>String</ValueType>
				<TriggerLabel>event_eventId2</TriggerLabel>
				<ControlPageLabel>event_eventId2</ControlPageLabel>
			</State>
			<State id="event_recordingUrl3">
				<ValueType>String</ValueType>
				<TriggerLabel>event_recordingUrl3</TriggerLabel>
				<ControlPageLabel>event_recordingUrl3</ControlPageLabel>
			</State>
			<State id="event_eventId3">
				<ValueType>String</ValueType>
				<TriggerLabel>event_eventId3</TriggerLabel>
				<ControlPageLabel>event_eventId3</ControlPageLabel>
			</State>
			<State id="firmwareStatus">
				<ValueType>String</ValueType>
				<TriggerLabel>firmwareStatus</TriggerLabel>
				<ControlPageLabel>firmwareStatus</ControlPageLabel>
			</State>
			<State id="batteryLevel">
				<ValueType>String</ValueType>
				<TriggerLabel>batteryLevel</TriggerLabel>
				<ControlPageLabel>batteryLevel</ControlPageLabel>
			</State>
			<State id="batteryLevel2">
				<ValueType>String</ValueType>
				<TriggerLabel>batteryLevel2</TriggerLabel>
				<ControlPageLabel>batteryLevel2</ControlPageLabel>
			</State>
			<State id="state">
				<ValueType>String</ValueType>
				<TriggerLabel>state</TriggerLabel>
				<ControlPageLabel>state</ControlPageLabel>
			</State>
		</States>
		<UiDisplayStateId>state</UiDisplayStateId>
	</Device>
	<Device type="relay" subType="kRelayDeviceSubType.Doorbell" id="RingDoorbell">
		<Name>Ring Doorbell</Name>
		<ConfigUI>
			<Field id="SupportsBatteryLevel" type="checkbox" defaultValue="true" hidden="true" />
			<Field id="SupportsOnState" type="checkbox" defaultValue="true" hidden="true" />
			<Field id="SupportsSensorValue" type="checkbox" defaultValue="false" hidden="true" />
			<Field id="SupportsStatusRequest" type="checkbox" defaultValue="false" hidden="true" />
 			<Field id="address" type="textfield"  hidden="true" >
				<Label/>
			</Field>
			<Field id="doorbell" type="menu">
				<Label>Ring Doorbell:</Label>
				<List class="self" filter="" method="get_ring_devices" dynamicReload="true"/>
				<CallbackMethod>selectionChanged</CallbackMethod>
			</Field>
			<Field type="textfield" id="doorbellId" readonly="true">
				<Label>Device ID:</Label>
			</Field>
			<Field type="textfield" id="name" readonly="true">
				<Label>Ring App Name:</Label>
			</Field>
			<Field type="textfield" id="manufacturer" readonly="true">
				<Label>Manufacturer:</Label>
			</Field>
			<Field type="textfield" id="model" readonly="true">
				<Label>Model:</Label>
			</Field>
			<Field type="textfield" id="apitype" readonly="true">
				<Label>API Type (mqtt, pyapi):</Label>
			</Field>
		</ConfigUI>
		<States>
			<State id="status">
				<ValueType>String</ValueType>
				<TriggerLabel>status</TriggerLabel>
				<ControlPageLabel>status</ControlPageLabel>
			</State>
			<State id="lastUpdate">
				<ValueType>String</ValueType>
				<TriggerLabel>lastUpdate</TriggerLabel>
				<ControlPageLabel>lastUpdate</ControlPageLabel>
			</State>
			<State id="ding_duration">
				<ValueType>String</ValueType>
				<TriggerLabel>ding_duration</TriggerLabel>
				<ControlPageLabel>ding_duration</ControlPageLabel>
			</State>
			<State id="lastDingTime">
				<ValueType>String</ValueType>
				<TriggerLabel>lastDingTime</TriggerLabel>
				<ControlPageLabel>lastDingTime</ControlPageLabel>
			</State>
			<State id="firmwareStatus">
				<ValueType>String</ValueType>
				<TriggerLabel>firmwareStatus</TriggerLabel>
				<ControlPageLabel>firmwareStatus</ControlPageLabel>
			</State>
			<State id="batteryLevel">
				<ValueType>String</ValueType>
				<TriggerLabel>batteryLevel</TriggerLabel>
				<ControlPageLabel>batteryLevel</ControlPageLabel>
			</State>
			<State id="batteryLevel2">
				<ValueType>String</ValueType>
				<TriggerLabel>batteryLevel2</TriggerLabel>
				<ControlPageLabel>batteryLevel2</ControlPageLabel>
			</State>
		</States>
	</Device>
	<Device type="relay" subType="kRelayDeviceSubType.Doorbell" id="RingZChime">
		<Name>Ring Chime</Name>
		<ConfigUI>
			<Field id="SupportsBatteryLevel" type="checkbox" defaultValue="true" hidden="true" />
			<Field id="SupportsOnState" type="checkbox" defaultValue="true" hidden="true" />
			<Field id="SupportsSensorValue" type="checkbox" defaultValue="false" hidden="true" />
			<Field id="SupportsStatusRequest" type="checkbox" defaultValue="false" hidden="true" />
 			<Field id="address" type="textfield"  hidden="true" >
				<Label/>
			</Field>
			<Field id="doorbell" type="menu">
				<Label>Ring Chime:</Label>
				<List class="self" filter="" method="get_ring_devices" dynamicReload="true"/>
				<CallbackMethod>selectionChanged</CallbackMethod>
			</Field>
			<Field type="textfield" id="doorbellId" readonly="true">
				<Label>Device ID:</Label>
			</Field>
			<Field type="textfield" id="name" readonly="true">
				<Label>Ring App Name:</Label>
			</Field>
			<Field type="textfield" id="manufacturer" readonly="true">
				<Label>Manufacturer:</Label>
			</Field>
			<Field type="textfield" id="model" readonly="true">
				<Label>Model:</Label>
			</Field>
			<Field type="textfield" id="apitype" readonly="true">
				<Label>API Type (mqtt, pyapi):</Label>
			</Field>
		</ConfigUI>
		<States>
			<State id="status">
				<ValueType>String</ValueType>
				<TriggerLabel>status</TriggerLabel>
				<ControlPageLabel>status</ControlPageLabel>
			</State>
			<State id="lastUpdate">
				<ValueType>String</ValueType>
				<TriggerLabel>lastUpdate</TriggerLabel>
				<ControlPageLabel>lastUpdate</ControlPageLabel>
			</State>
			<State id="volume">
				<ValueType>String</ValueType>
				<TriggerLabel>volume</TriggerLabel>
				<ControlPageLabel>volume</ControlPageLabel>
			</State>
			<State id="snooze">
				<ValueType>String</ValueType>
				<TriggerLabel>snooze</TriggerLabel>
				<ControlPageLabel>snooze</ControlPageLabel>
			</State>
			<State id="snooze_minutes">
				<ValueType>String</ValueType>
				<TriggerLabel>snooze_minutes</TriggerLabel>
				<ControlPageLabel>snooze_minutes</ControlPageLabel>
			</State>
			<State id="snooze_minutes_remaining">
				<ValueType>String</ValueType>
				<TriggerLabel>snooze_minutes_remaining</TriggerLabel>
				<ControlPageLabel>snooze_minutes_remaining</ControlPageLabel>
			</State>
			<State id="play_ding_sound">
				<ValueType>String</ValueType>
				<TriggerLabel>play_ding_sound</TriggerLabel>
				<ControlPageLabel>play_ding_sound</ControlPageLabel>
			</State>
			<State id="play_motion_sound">
				<ValueType>String</ValueType>
				<TriggerLabel>play_motion_sound</TriggerLabel>
				<ControlPageLabel>play_motion_sound</ControlPageLabel>
			</State>
			<State id="firmwareStatus">
				<ValueType>String</ValueType>
				<TriggerLabel>firmwareStatus</TriggerLabel>
				<ControlPageLabel>firmwareStatus</ControlPageLabel>
			</State>
			<State id="batteryLevel">
				<ValueType>String</ValueType>
				<TriggerLabel>batteryLevel</TriggerLabel>
				<ControlPageLabel>batteryLevel</ControlPageLabel>
			</State>
			<State id="batteryLevel2">
				<ValueType>String</ValueType>
				<TriggerLabel>batteryLevel2</TriggerLabel>
				<ControlPageLabel>batteryLevel2</ControlPageLabel>
			</State>
		</States>
	</Device>
	<Device type="relay" subType="kRelayDeviceSubType.Doorbell" id="RingSiren">
		<Name>Ring Siren</Name>
		<ConfigUI>
			<Field id="SupportsBatteryLevel" type="checkbox" defaultValue="true" hidden="true" />
			<Field id="SupportsOnState" type="checkbox" defaultValue="true" hidden="true" />
			<Field id="SupportsSensorValue" type="checkbox" defaultValue="false" hidden="true" />
			<Field id="SupportsStatusRequest" type="checkbox" defaultValue="false" hidden="true" />
 			<Field id="address" type="textfield"  hidden="true" >
				<Label/>
			</Field>
			<Field id="doorbell" type="menu">
				<Label>Ring Siren:</Label>
				<List class="self" filter="" method="get_ring_devices" dynamicReload="true"/>
				<CallbackMethod>selectionChanged</CallbackMethod>
			</Field>
			<Field type="textfield" id="doorbellId" readonly="true">
				<Label>Device ID:</Label>
			</Field>
			<Field type="textfield" id="name" readonly="true">
				<Label>Ring App Name:</Label>
			</Field>
			<Field type="textfield" id="manufacturer" readonly="true">
				<Label>Manufacturer:</Label>
			</Field>
			<Field type="textfield" id="model" readonly="true">
				<Label>Model:</Label>
			</Field>
			<Field type="textfield" id="apitype" readonly="true">
				<Label>API Type (mqtt, pyapi):</Label>
			</Field>
		</ConfigUI>
		<States>
			<State id="status">
				<ValueType>String</ValueType>
				<TriggerLabel>status</TriggerLabel>
				<ControlPageLabel>status</ControlPageLabel>
			</State>
			<State id="lastUpdate">
				<ValueType>String</ValueType>
				<TriggerLabel>lastUpdate</TriggerLabel>
				<ControlPageLabel>lastUpdate</ControlPageLabel>
			</State>
			<State id="firmwareStatus">
				<ValueType>String</ValueType>
				<TriggerLabel>firmwareStatus</TriggerLabel>
				<ControlPageLabel>firmwareStatus</ControlPageLabel>
			</State>
			<State id="batteryLevel">
				<ValueType>String</ValueType>
				<TriggerLabel>batteryLevel</TriggerLabel>
				<ControlPageLabel>batteryLevel</ControlPageLabel>
			</State>
			<State id="batteryLevel2">
				<ValueType>String</ValueType>
				<TriggerLabel>batteryLevel2</TriggerLabel>
				<ControlPageLabel>batteryLevel2</ControlPageLabel>
			</State>
		</States>
	</Device>
	<Device type="sensor" subType="kRelayDeviceSubType.Doorbell" id="RingTContact">
		<Name>Ring Contact</Name>
		<ConfigUI>
			<Field id="SupportsBatteryLevel" type="checkbox" defaultValue="true" hidden="true" />
			<Field id="SupportsOnState" type="checkbox" defaultValue="true" hidden="true" />
			<Field id="SupportsSensorValue" type="checkbox" defaultValue="false" hidden="true" />
			<Field id="SupportsStatusRequest" type="checkbox" defaultValue="false" hidden="true" />
 			<Field id="address" type="textfield"  hidden="true" >
				<Label/>
			</Field>
			<Field id="doorbell" type="menu">
				<Label>Ring Contact:</Label>
				<List class="self" filter="" method="get_ring_devices" dynamicReload="true"/>
				<CallbackMethod>selectionChanged</CallbackMethod>
			</Field>
			<Field type="textfield" id="doorbellId" readonly="true">
				<Label>Device ID:</Label>
			</Field>
			<Field type="textfield" id="name" readonly="true">
				<Label>Ring App Name:</Label>
			</Field>
			<Field type="textfield" id="manufacturer" readonly="true">
				<Label>Manufacturer:</Label>
			</Field>
			<Field type="textfield" id="model" readonly="true">
				<Label>Model:</Label>
			</Field>
			<Field type="textfield" id="apitype" readonly="true">
				<Label>API Type (mqtt, pyapi):</Label>
			</Field>
		</ConfigUI>
		<States>
			<State id="status">
				<ValueType>String</ValueType>
				<TriggerLabel>status</TriggerLabel>
				<ControlPageLabel>status</ControlPageLabel>
			</State>
			<State id="lastUpdate">
				<ValueType>String</ValueType>
				<TriggerLabel>lastUpdate</TriggerLabel>
				<ControlPageLabel>lastUpdate</ControlPageLabel>
			</State>
			<State id="lastContactTime">
				<ValueType>String</ValueType>
				<TriggerLabel>lastContactTime</TriggerLabel>
				<ControlPageLabel>lastContactTime</ControlPageLabel>
			</State>
			<State id="firmwareStatus">
				<ValueType>String</ValueType>
				<TriggerLabel>firmwareStatus</TriggerLabel>
				<ControlPageLabel>firmwareStatus</ControlPageLabel>
			</State>
			<State id="batteryLevel">
				<ValueType>String</ValueType>
				<TriggerLabel>batteryLevel</TriggerLabel>
				<ControlPageLabel>batteryLevel</ControlPageLabel>
			</State>
			<State id="batteryLevel2">
				<ValueType>String</ValueType>
				<TriggerLabel>batteryLevel2</TriggerLabel>
				<ControlPageLabel>batteryLevel2</ControlPageLabel>
			</State>
		</States>
	</Device>
</Devices>

