<MenuItems>
    <MenuItem id="create_trigger">
		<Name>Create MQTT Triggers</Name>
		<CallbackMethod>create_trigger</CallbackMethod>
        <ConfigUI>
            <Field id="brokerID" type="menu">
                <Label>MQTT Broker:</Label>
                <List class="self" filter="" method="get_mqtt_connectors" dynamicReload="true"/>
            </Field>
        </ConfigUI>
	</MenuItem>
    <MenuItem id="HAD_messages">
		<Name>Reload Device Cache</Name>
		<CallbackMethod>generate_HAD_messages</CallbackMethod>
	</MenuItem>
    <MenuItem id="Create_API_Connector">
		<Name>Create API Connector Device</Name>
		<CallbackMethod>create_api_connector_device</CallbackMethod>
	</MenuItem>
</MenuItems>
