<?xml version="1.0"?>
<PluginConfig>
    <SupportURL>http://forums.indigodomo.com/</SupportURL>
    <Field id="version" type="textfield" defaultValue="" hidden="True"/>
    <Field id="ring_devices" type="textfield" defaultValue="{}" hidden="True"/>
    <Field id="ring_battery_devices" type="textfield" defaultValue="{}" hidden="True"/>
    <Field id="logLevel" type="menu" defaultValue="20">
        <Label>Event Logging Level:</Label>
        <List>
            <Option value="5" >Detailed Debugging Messages</Option>
            <Option value="10">Debugging Messages</Option>
            <Option value="20">Informational Messages</Option>
            <Option value="30">Warning Messages</Option>
            <Option value="40">Error Messages</Option>
            <Option value="50">Critical Errors Only</Option>
        </List>
    </Field>       
    <Field id="brokerID" type="menu">
        <Label>MQTT Broker:</Label>
        <List class="self" filter="" method="get_mqtt_connectors" dynamicReload="true"/>
    </Field>
    <Field id="batterystateUI" type="checkbox" defaultValue="false">
        <Label>Display higher battery percentage</Label>
    </Field>
    <Field id="startupHADiscovery" type="checkbox" defaultValue="false">
        <Label>On Plugin Startup - initiate HA Discovery</Label>
    </Field>
    <Field id="ringCommAlertHours" type="menu" defaultValue="06">
        <Label>Log Event when Ring Device hasn't been updated in (hours):</Label>
        <List>
            <Option value="01">One Hour</Option>
            <Option value="03">Three Hours</Option>
            <Option value="06">Six Hours</Option>
            <Option value="12">Twelve Hours</Option>
            <Option value="999999999">Never</Option>
        </List>
    </Field>
    <Field id="storeSnapShots" type="checkbox" defaultValue="false">
        <Label>Store Camera Snapshots:</Label>
    </Field>
    <Field id="snapshotImagePath" type="textfield" defaultValue="">
        <Label>Path for storing Snapshot Images (leave blank for Indigo Webserver):</Label>
    </Field>
</PluginConfig>
