<?xml version="1.0"?>
<PluginConfig>
    <SupportURL>http://forums.indigodomo.com/</SupportURL>
    <Field id="version" type="textfield" defaultValue="" hidden="True"/>
    <Field id="ring_devices" type="textfield" defaultValue="{}" hidden="True"/>
    <Field id="ring_battery_devices" type="textfield" defaultValue="{}" hidden="True"/>
    <Field id="logLevel" type="menu" defaultValue="20">
        <Label>Event Logging Level:</Label>
        <List>
            <Option value="5" >Detailed Debugging Messages</Option>
            <Option value="10">Debugging Messages</Option>
            <Option value="20">Informational Messages</Option>
            <Option value="30">Warning Messages</Option>
            <Option value="40">Error Messages</Option>
            <Option value="50">Critical Errors Only</Option>
        </List>
    </Field>       
    <Field id="batterystateUI" type="checkbox" defaultValue="false">
        <Label>Display higher battery percentage</Label>
    </Field>
    <Field id="batteryNote" type="label" fontSize="small" fontColor="darkgray">
        <Label>For devices with two batteries, UI will display higher of the two, other battery is in a device state</Label>
    </Field>
     <Field id="startupHADiscovery" type="checkbox" defaultValue="true">
        <Label>On Plugin Startup - initiate HA Discovery</Label>
    </Field>
    <Field id="HADNote" type="label" fontSize="small" fontColor="darkgray">
        <Label>HA Discovery asks ring-mqtt to bulk send state messages for all ring devices.  Indigo-ring-mqtt uses these messages to populate the device cache and active indigo device states.</Label>
    </Field>
    <Field id="ringCommAlertHours" type="menu" defaultValue="12">
        <Label>Log Communication Errors after:</Label>
        <List>
            <Option value="03">Three Hours</Option>
            <Option value="06">Six Hours</Option>
            <Option value="12">Twelve Hours</Option>
            <Option value="24">Twenty-Four Hours</Option>
            <Option value="999999999">Never</Option>
        </List>
    </Field>
    <Field id="CommAlert" type="label" fontSize="small" fontColor="darkgray">
        <Label>Generate a log message if a ring device hasn't had any messages from ring-mqtt in XX hours.</Label>
    </Field>
    <Field id="storeSnapShots" type="checkbox" defaultValue="false">
        <Label>Store Camera Snapshots:</Label>
    </Field>
    <Field id="snapshotImagePath" type="textfield" defaultValue="">
        <Label>Snapshot Path:</Label>
    </Field>
    <Field id="SnapshotNote" type="label" fontSize="small" fontColor="darkgray">
        <Label>You can choose to store snapshots on the indigo server and indicate where to store them.  Leave the path blank for indigo webserver (.../Web Assets/public/ring).</Label>
    </Field>
 </PluginConfig>
